website,name_only,name_allergy,average
A,0.426858093,0.187843001,0.307350547
B,0.311476845,0.263007989,0.287242417
C,0.139280399,0.123445641,0.13136302
D,0.06180513,0.188259812,0.125032471
E,0.060579533,0.237443557,0.149011545
